{"cameraMode":{"drawMode":0,"name":"Shaded","section":"Shading Mode"},"sceneLighting":true,"audioPlay":false,"sceneViewState":{"showFog":true,"showMaterialUpdate":false,"showSkybox":true,"showFlares":true,"showImageEffects":true,"showParticleSystems":true},"in2DMode":false,"pivot":{"x":1.432459831237793,"y":2.319565773010254,"z":7.045792102813721},"rotation":{"x":-0.14067895710468293,"y":0.38448402285575869,"z":-0.05941130965948105,"w":-0.9104130268096924},"size":8.91913890838623,"orthographic":false}