{"cameraMode":{"drawMode":0,"name":"Shaded","section":"Shading Mode"},"sceneLighting":true,"audioPlay":false,"sceneViewState":{"showFog":true,"showMaterialUpdate":false,"showSkybox":true,"showFlares":true,"showImageEffects":true,"showParticleSystems":true},"in2DMode":false,"pivot":{"x":80.54020690917969,"y":-36.7580451965332,"z":6.689594268798828},"rotation":{"x":0.16356495022773744,"y":0.6540860533714294,"z":-0.14785124361515046,"w":0.7235826849937439},"size":51.46000671386719,"orthographic":false}